汉字	拼音	汉字的意思	课	繁體	部首		āáǎà īíǐì ūúǔù ēéěè ōóǒò ǖǘǚǜ
一	yī	Un	0		一字旁|一		
二	èr	Deux	0		二字旁|二		
三	sān	Trois	0		一字旁|一		
四	sì	Quatre	0		口字旁|口		
五	wǔ	Cinq	0		二字旁|二		
六	liù	Six	0		八字旁|八		
七	qī	Sept	0		一字旁|一		
八	bā	Huit	0		八字旁|八		
九	jiǔ	Neuf	0		撇字旁|丿		
十	shí	Dix	0		十字儿|十		
人	rén	Homme	0		人字头|人		
大	dà，dài	Grand	0		大字头|大		
口	kǒu	Bouche	0		口字旁|口		
中	zhōng	Milieu	0		坚|丨		
小	xiǎo	Petit	0		小字头|小		
上	shàng	Dessus	0		一字旁|一		
下	xià	Dessous	0		一字旁|一		
国	guó	Pays	0	國	方框儿，国字框|囗		
学	xué	Étudier	0	學	子字旁|子		
习	xí	Étudier	0	習	折|乙		
汉	hàn	Han	0	漢	三点水|氵		
语	yǔ	Langage	0	語	言字旁|讠		
文	wén	Langage	0		文字旁|文		
写	xiě	Écrire	0	寫	秃宝盖|冖		
字	zì	Caractère	0		宝盖头|宀		
女	nǚ	Femme	0		女字旁|女		
子	zǐ	Fils, enfant	0		子字旁|子		
好	hǎo，hào，hāo	Bbien, bon	0		女字旁|女		
水	shuǐ	Eau	0		水字旁|水		
门	mén	Porte	0	門	门字框|门		
王	wáng	Roi	0		王字旁|王		
日	rì	Soleil	0		日字旁|日		
月	yuè	Lune	0		月字旁|月		
木	mù	Bois	0		木字旁|木		
马	mǎ	Cheval	0	馬	马字旁|马		
田	tián	Champ	0		田字旁|田		
天	tiān	Ciel	0		大字头|大		
明	míng	Lumineux	0		日字旁|日		
林	lín	Forêt	0		木字旁|木		
妈	mā	Mère	0	媽	女字旁|女		
河	hé	Rivière	0		三点水|氵		
您	nín	Vous (Forme respectueuse de 你)	1		心字旁|心		-
贵	guì	Cher, grande valeur, honorable	1	貴	贝字旁|贝		
姓	xìng	Nom, s'appeler	1		女字旁|女		
我	wǒ	Je, me, moi	1		戈字旁|戈		
呢	ne	(Particule interrogative)	1		口字旁|口		
是	shì	Être	1		日字旁|日		
吗	ma，má	(Question dont la réponse est oui ou non)	1	嗎	口字旁|口		
不	bù	Non, ne pas	1		一字旁|一		
同	tóng，tòng	Ensemble, semblable	1		同字框|冂		
们	men	(Suffixe ou pluriel)	1	們	单人旁|亻		
老	lǎo	Vieux	1		老字旁|耂		
师	shī	Professeur, maître	1	師	巾字旁|巾		
叫	jiào	S'appeler, nommer, appeler	1		口字旁|口		
你	nǐ	Tu, toi, te	1		单人旁|亻		
什	shén	Que, quoi, quel	1	甚	单人旁|亻		
么	me		1	麽	撇字旁|丿		
名	míng	Nom	1		口字旁|口		
哪	nǎ	Quel	1		口字旁|口		
也	yě	Aussi, non plus	1		折|乙		
说	shuō	Dire, parler	1	說	言字旁|讠		
英	yīng		1		草字头|艹		
还	hái，huán		1	還	走之旁|辶		
法	fǎ	Loi, méthode, façon	1		三点水|氵		
都	dōu，dū	Tout, tous	1		双耳刀，右耳刀|阝		
只	zhǐ，zhī	Seulement	1	衹隻	口字旁|口		
他	tā	Il, lui	1		单人旁|亻		
她	tā	Elle, la	1		女字旁|女		
很	hěn	Très	2		双人旁，双立人|彳		-
高	gāo	Grand, haut	2		高字旁|高		
兴	xìng，xīng	Humeur, intérêt inspiration	2	興	八字旁|八		
认	rèn	Connaître, identifier	2	認	言字旁|讠		
识	shi	Connaître	2	識	言字旁|讠		
在	zài		2		提土旁|土		
进	jìn	Entrer, avancer	2	進	走之旁|辶		
出	chū	Sortir	2		凶字框|凵		
公	gōng	Public	2		八字旁|八		
司	sī		2		口字旁|口		
工	gōng	Travailler	2		工字旁|工		
作	zuò	Faire	2		单人旁|亻		
系	xì	Département (d'une université)	2	係	绞丝底|糸		
可	kě	Pouvoir	2		口字旁|口		
以	yǐ		2		人字旁|人		
给	gěi	Donner, à, pour	2	給	绞丝旁|纟		
打	dǎ	Taper, frapper	2		提手旁|扌		
电	diàn	Électricité	2	電	田字旁|田		
话	huà	Parole	2	話	言字旁|讠		
的	de，dí，dī	De	2		日字旁|日		
号	hào	Numéro	2	號	口字旁|口		
码	mǎ	Code	2	碼	石字旁|石		
发	fā, fà	Cheveux (髪fà), envoyer (發fā)	2	發髪	又字旁|又		
邮	yóu	Poster, postal	2	郵	双耳刀，右耳刀|阝		
件	jiàn		2		单人旁|亻		
这	zhè	Ce	2	這	走之旁|辶		
朋	péng	Ami	2		月字旁|月		
友	yǒu	Ami	2		又字旁|又		
请	qǐng	S'il vous plaît	2	請	言字旁|讠		
坐	zuò	S'asseoir	2		提土旁|土		
谢	xiè	Merci, remercier	2	謝	言字旁|讠		
喝	hē	Boire	2		口字旁|口		
茶	chá	Thé	2		草字头|艹		
儿	ér		2	兒	儿字旁|儿		
里	lǐ		2	裏裡	里字旁|里		
院	yuàn		2		双耳刀，右耳刀|阝		
怎	zěn		2		心字旁|心		
样	yàng		2	樣	木字旁|木		
漂	piào		2		三点水|氵		
亮	liàng		2		京字头|亠		
喜	xǐ		2		口字旁|口		
欢	huān		2	歡	欠字旁|欠		
那	nà	Ce, cela	2		双耳刀，右耳刀|阝		
男	nán	Homme, masculin	2		田字旁|田		
地	dì，de	Sol, terre	3		提土旁|土		-
方	fāng		3		方字旁|方		
个	gè		3	個	人字头|人		
家	jiā	Maison, famille	3	傢	宝盖头|宀		
有	yǒu	Avoir, il y a	3		月字旁|月		
几	jǐ，jī	Combien	3	幾	几字旁|几		
爸	bà	Père, papa	3		父字旁|父		
和	hé，huo	Et	3		口字旁|口		
太	tài	Ensemble, semblable	3		大字头|大		
孩	hái	Enfant	3		子字旁|子		
多	duō	Beaucoup	3		夕字旁|夕		
两	liǎng	Deux	3	兩	一字旁|一		
岁	suì	Âge	3	歲	山字旁|山		
爱	ài	Aimer	3	愛	爪字头|爫		
吧	ba		3		口字旁|口		
校	xiào	École	3		木字旁|木		
少	shǎo	Peu, petit nombre	3		小字头|小		
生	shēng	Élève	3		生字旁|生		
想	xiǎng	Penser, vouloir faire qch.	3		心字旁|心		
概	gài		3		木字旁|木		
万	wàn	Dix mille	3	萬	一字旁|一		
没	méi	Ne pas	3		三点水|氵		
千	qiān	Mille	3		十字儿|十		
去	qù	Aller	3		私字旁|厶		
为	wèi，wéi	Pour	3	爲	丶字旁|丶		
分	fēn	Branche	3		刀字旁|刀		
板	bǎn		3	闆	木字旁|木		
让	ràng	Laisser, permettre	3	讓	言字旁|讠		
百	bǎi	Cent	3		白字旁|白		
因	yīn	Raison, cause	3		方框儿，国字框|囗		
图	tú	Dessin, plan, carte	4	圖	方框儿，国字框|囗		-
张	zhāng		4	張	弓字旁|弓		
看	kàn	Regarder, voir, lire	4		目字旁|目		
行	xíng，háng		4		行字旁|行		
要	yào，yāo	Vouloir	4		西字头|覀		
干	gàn，gān	Faire	4	幹乾	干字旁|干		
玩	wán	Jouer	4		王字旁|王		
知	zhī		4		矢字旁|矢		
道	dào		4		走之旁|辶		
比	bǐ	Comparer	4		比字旁|比		
较	jiào	Réel, vrai	4	較	车字旁|车		
真	zhēn		4		目字旁|目		
意	yì		4		心字旁|心		
思	sī	Réfléchir	4		心字旁|心		
龙	lóng	Dragon	4	龍	龙字旁|龙		
山	shān	Montagne, colline	4		山字旁|山		
词	cí	Mot	4	詞	言字旁|讠		
典	diǎn		4		八字旁|八		
本	běn		4		木字旁|木		
谁	shéi，shuí	Qui	4	誰	言字旁|讠		
问	wèn	Demander	4	問	门字框|门		
对	duì	Correct, oui	4	對	寸字旁|寸		
非	fēi		4		非字旁|非		
常	cháng		4		巾字旁|巾		
用	yòng	Utiliser	4		撇字旁|丿		
能	néng	Pouvoir	4		月字旁|月		
当	dāng，dàng		4	當	雪字底|彐		
然	rán		4		四点底|灬		
书	shū	Livre	4	書	折|乙		
笔	bǐ	Stylo	4	筆	竹字头|⺮		
支	zhī		4		支字旁|支		
教	jiào，jiāo	Enseigner, instruire	4		反文旁|攵		
室	shì	Chambre, pièce, salle	4		宝盖头|宀		
课	kè	Leçon	4	課	言字旁|讠		
姐	jiě	Soeur aînée	5		女字旁|女		-
会	huì	Pouvoir, savoir comment	5	會	人字头|人		
点	diǎn	Point, sélectionner, choisir	5	點	四点底|灬		
先	xiān	En premier	5		儿字旁|儿		
买	mǎi	Acheter	5	買	折|乙		
衬	chèn		5	襯	衣字旁|衤		
衫	shān		5		衣字旁|衤		
白	bái	Blanc	5		白字旁|白		
钱	qián	Argent	5	錢	金字旁|钅		
块	kuài		5	塊	提土旁|土		
元	yuán		5		儿字旁|儿		
了	le，liǎo		5	瞭	折|乙		
红	hóng	Rouge	5	紅	绞丝旁|纟		
便	pián，biàn		5		单人旁|亻		
宜	yi		5		宝盖头|宀		
条	tiáo		5	條	木字旁|木		
裤	kù		5	褲	衣字旁|衤		
试	shì	Essayer	5	試	言字旁|讠		
来	lái	Venir	5	來	木字旁|木		
饭	fàn	Riz cuit, repas	5	飯	食字旁|饣		
店	diàn	Magasin	5		广字旁|广		
最	zuì	Le plus, le moins	5		冒字头|曰		
吃	chī	Manger	5		口字旁|口		
菜	cài	Plat, légumes	5		草字头|艹		
糖	táng	Sucre	5		米字旁|米		
醋	cù	Vinaigre	5		酉字旁|酉		
鱼	yú	Poisson	5	魚	鱼字旁|鱼		
酸	suān	Acide	5		酉字旁|酉		
辣	là	Pimenté, fort	5		辛字旁|辛		
汤	tāng	Soupe	5	湯	三点水|氵		
牛	niú	Vache, taureau	5		牛字部|牛		
肉	ròu	Viande	5		肉字旁|肉		
烧	shāo	Cuire	5	燒	火字旁|火		
米	mǐ	Riz	5		米字旁|米		
饺	jiǎo	Raviolis	5	餃	食字旁|饣		
等	děng	Attendre	5		竹字头|⺮		
东	dōng	Est	5	東	一字旁|一		
西	xī	Ouest	5		西字头|覀		
商	shāng	Commerce, affaire	5		口字旁|口		
卖	mài	Vendre	5	賣	十字儿|十		
衣	yī	Vêtement	5		衣字旁|衣		
服	fú	Vêtement	5		月字旁|月		
星	xīng	Étoile	6		日字旁|日		-
期	qī	Période, échéance	6		月字旁|月		
算	suàn	Calculer	6		竹字头|⺮		
晚	wǎn	Tard	6		日字旁|日		
约	yuē	Fixer un rendez-vous	6	約	绞丝旁|纟		
休	xiū		6		单人旁|亻		
息	xī		6		心字旁|心		
球	qiú	Balle, ballon	6		王字旁|王		
跟	gēn	Avec, et	6		足字旁|足		
起	qǐ		6		走字旁|走		
视	shì	Regarder, voir	6	視	示字旁|礻		
位	wèi		6		单人旁|亻		
事	shì	Affaire, chose	6		竖钩|亅		
咖	kā		6		口字旁|口		
啡	fēi		6		口字旁|口		
时	shí		6	時	日字旁|日		
候	hòu		6		单人旁|亻		
今	jīn		6		人字头|人		
忙	máng	Occupé	6		竖心旁|忄		
做	zuò	Faire	6		单人旁|亻		
功	gōng		6		力字旁|力		
关	guān		6	關	倒八|丷		
空	kòng，kōng		6		宝盖头|宀		
钟	zhōng	Horloge, cloche	6	鐘	金字旁|钅		
半	bàn	Demi	6		十字儿|十		
见	jiàn	Voir	6	見	见字旁|见		
面	miàn	Face, visage, surface; nouille	6		面字旁|面		
刻	kè	Un quart d'heure; graver	6		立刀旁|刂		
接	jiē		6		提手旁|扌		
再	zài	Encore	6		同字框|冂		
现	xiàn	Maintenant	6	現	王字旁|王		
早	zǎo	Tôt	6		日字旁|日		
午	wǔ		6		十字儿|十		
放	fàng	Déposer, mettre	7		反文旁|攵		-
假	jià，jiǎ	Vacances	7		单人旁|亻		
旬	xún	Décade, une période de dix jours du mois	7		日字旁|日		
后	hòu	Arrière, derrière	7	後	口字旁|口		
旅	lǚ		7		方字旁|方		
或	huò	Ou	7		戈字旁|戈		
者	zhě		7		老字旁|耂		
回	huí	Revenir	7		口字旁|口		
前	qián	Devant, avant	7		立刀旁|刂		
担	dān		7	擔	提手旁|扌		
心	xīn	Coeur	7		心字旁|心		
别	bié	Ne...pas, quitter	7	別	立刀旁|刂		
帮	bāng		7	幫	巾字旁|巾		
助	zhù		7		力字旁|力		
找	zhǎo	Chercher	7		提手旁|扌		
戴	dài	Porter, mettre (chapeau, lunettes, montre, gants)	7		戈字旁|戈		
副	fù		7		立刀旁|刂		
眼	yǎn	Oeil	7		目字旁|目		
镜	jìng		7	鏡	金字旁|钅		
每	měi	Chaque, chacun, tous	7		母字旁|母		
瘦	shòu	Maigre, mince	7		病字旁|疒		
头	tóu	Tête	7	頭	大字旁|大		
长	cháng，zhǎng	Long, grandir, pousser	7	長	长字旁|长		
穿	chuān	Porter, mettre, revêtir, traverser	7		穴宝盖|穴		
仔	zǎi，zǐ		7		单人旁|亻		
刚	gāng	Juste à l'instant, juste	7	剛	立刀旁|刂		
过	guò	Traverser, passer, dépasser	7	過	走之旁|辶		
年	nián	année	7		撇字旁|丿		
附	fù		8		双耳刀，右耳刀|阝		-
近	jìn	Près	8		走之旁|辶		
银	yín	Argent	8	銀	金字旁|钅		
离	lí	Quitter; de, depuis; jusqu'à	8	離	京字头|亠		
远	yuǎn	Loin, éloigné	8	遠	走之旁|辶		
走	zǒu	Marcher, aller	8		走字旁|走 		
往	wǎng	Vers	8		双人旁，双立人|彳		
边	biān	Bord, côté	8	邊	走之旁|辶		
右	yòu	Droite	8		口字旁|口		
拐	guǎi	Tourner	8		提手旁|扌		
路	lù	Route, chemin	8		足字旁|足 		
就	jiù		8		尢字旁|尢		
局	jú	Office, bureau	8		尸字旁|尸		
旁	páng	Bord, côté	8		方字旁|方		
客	kè		8		宝盖头|宀		
气	qì	Air, gaz	8	氣	气字旁|气		
市	shì	Ville, marché	8		巾字旁|巾		
告	gào		8		口字旁|口		
诉	sù		8	訴	言字旁|讠		
铁	tiě	Fer	8	鐵	金字旁|钅		
从	cóng	À partir de, depuis, dès	8	從	人字头|人		
到	dào	Arriver, aller à, jusqu'à, à	8		立刀旁|刂		
共	gòng		8		八字旁|八 		
汽	qì	Vapeur	8		三点水|氵		
车	chē	Véhicule, voiture	8	車	车字旁|车		
站	zhàn	Se tenir debout, arrêt, station	8		立字旁|立		
换	huàn	Échanger, changer de	8	換	提手旁|扌		
骑	qí	Monter, chevaucher	8	騎	马字旁|马		
自	zì	Soi-même, nature	8		自字旁|自		
左	zuǒ	Gauche	8		工字旁|工		
外	wài	Dehors, étranger	8		夕字旁|夕		
狗	gǒu	Chien	9		反犬旁|犭		-
养	yǎng	Élever, cultiver	9	養	倒八|丷		
花	huā	Fleur	9		草字头|艹		
鸟	niǎo	Oiseau	9	鳥	鸟字旁|鸟		
但	dàn	Mais	9		单人旁|亻		
听	tīng	Écouter, entendre	9	聼	口字旁|口		
城	chéng	Ville, muraille	9		提土旁|土		
猫	māo	Chat	9	貓	反犬旁|犭		
动	dòng		9	動	力字旁|力		
物	wù		9		牛字旁|牜		
麻	má		9		麻字旁|麻		
烦	fán		9	煩	火字旁|火		
间	jiān		9	間	门字框|门		
己	jǐ	Soi-même	9		己字旁|己		
办	bàn	Faire	9	辦	力字旁|力		
熟	shú，shóu		9		四点底|灬		
悉	xī		9		心字旁|心		
些	xiē		9		止字旁|止		
照	zhào		9		四点底|灬		
片	piàn		9		片字旁|片		
登	dēng	Grimper	9		登字头|癶		
迎	yíng		9		走之旁|辶		
陪	péi	Accompagner	9		双耳刀，右耳刀|阝		
得	děi，de，dé	Il faut, devoir	9		双人旁，双立人|彳		
飞	fēi	Voler	9	飛	飞字旁|飞		
机	jī	Machine	9	機	木字旁|木		
票	piào	Ticket	9		示字旁|示		
所	suǒ		9		户字旁|户		
拍	pāi	Prendre des photos	9		提手旁|扌		
住	zhù	Habiter	10		单人旁|亻		-
宿	sù	Passer la nuit	10		宝盖头|宀		
舍	shè，shě	Maison	10	捨	舌字旁|舌		
餐	cān	Repas, aliment	10		食字旁|饣		
厅	tīng	Salle	10	廳	偏厂|厂		
正	zhèng	Être en train, juste	10		止字旁|止		
睡	shuì	Dormir, coucher	10		目字旁|目		
觉	jiào，jué		10	覺	见字旁|见		
肯	kěn		10		月字旁|月		
定	dìng	Sûrement	10		宝盖头|宀		
已	yǐ	Déjà	10		己字旁|己		
经	jīng		10	經	绞丝旁|纟		
床	chuáng	Lit	10		广字旁|广		
错	cuò	Tort, erroné	10	錯	金字旁|钅		
医	yī	Médecine	10	醫	三框儿|匚，三匡栏|匚		
病	bìng	Être malade, maladie	10		病字旁|疒		
舒	shū		10		舌字旁|舌	a	
肚	dù	Ventre	10		月字旁|月		
疼	téng	Avoir mal	10		病字旁|疒		
净	jìng	Propre	10	淨	两点水|冫		
包	bāo		10		包字头|勹		
杯	bēi	Verre	10		木字旁|木		
奶	nǎi	Lait	10		女字旁|女		
昨	zuó	Hier	10		日字旁|日		
新	xīn	Nouveau, neuf	10		斤字旁|斤		
鲜	xiān	Frais, délicieux	10	鮮	鱼字旁|鱼		
药	yào	Médicament	10	藥	草字头|艹		
着	zháo，zhe		10	著	目字旁|目		
急	jí	Anxieux, urgent, pressé	10		心字旁|心		
完	wán	Finir	10		宝盖头|宀		
厕	cè		10	厠	偏厂|厂		
借	jiè	Emprunter, prêter	11		单人旁|亻		-
房	fáng	Chambre, maison	11		户字旁|户		
拿	ná	Prendre	11		手字旁|手		
历	lì		11	歷曆	偏厂|厂		
史	shǐ	Histoire	11		口字旁|口		
博	bó	Riche, abondant	11		十字儿|十		
馆	guǎn		11	館	食字旁|饣		
父	fù	Père	11		父字旁|父		
母	mǔ	Mère	11		母字旁|母		
亲	qīn	Parent	11	親	京字头|亠		
火	huǒ	Feu	11		火字旁|火		
第	dì		11		竹字头|⺮		
次	cì		11		两点水|冫		
济	jì		11	濟	三点水|氵		
化	huà		11		单人旁|亻		
感	gǎn		11		心字旁|心		
趣	qù	Intérêt	11		走字旁|走		
通	tōng	Déboucher, communiquer; Expert; Traverser	11		走之旁|辶		
应	yīng	Devoir, il faut	11	應	广字旁|广		
该	gāi	Devoir, il faut	11	該	言字旁|讠		
恐	kǒng		11		心字旁|心		
怕	pà	Avoir peur, craindre	11		竖心旁|忄		
快	kuài	Rapide, vite	11		竖心旁|忄		
罚	fá	Punir	11	罰	四字头|罒		
款	kuǎn	Somme d'argent	11		欠字旁|欠		
规	guī		11	規	见字旁|见		
厉	lì		11	厲	偏厂|厂		
害	hài		11		宝盖头|宀		
参	cān		11	參	私字旁|厶		
观	guān		11	觀	见字旁|见		
活	huó	Vivant, vivre	12		三点水|氵		-
主	zhǔ	Principal	12		丶字旁|丶		
席	xí	Siège	12		广字旁|广		
总	zǒng	Total, général	12	總	心字旁|心		
统	tǒng		12	統	绞丝旁|纟		
特	tè	Particulier	12		牛字旁|牜		
唱	chàng	Chanter	12		口字旁|口		
歌	gē	Chanson	12		欠字旁|欠		
跳	tiào	Sauter	12		足字旁|足		
舞	wǔ	Danse	12		夕字旁|夕		
优	yōu	Excellent	12	優	单人旁|亻		
美	měi	Beau	12		八字旁|八 		
题	tí	Titre	12	題	页字旁|页		
祝	zhù	Souhaiter	12		示字旁|礻		
乐	lè	Heureux, joie	12	樂	撇字旁|丿		
送	sòng	Offrir	12		走之旁|辶		
礼	lǐ	Cadeau, rite	12	禮	示字旁|礻		
属	shǔ	Appartenir à (12 animaux du zodiaque)	12	屬	尸字旁|尸		
玉	yù	Jade	12		玉字旁|玉		
咱	zán	Nous, on	12		口字旁|口		
蛋	dàn	Oeuf	12		虫字旁|虫		
糕	gāo	Gâteau	12		米字旁|米	a	
越	yuè		12		走字旁|走		
轻	qīng	Léger	12	輕	车字旁|车		
流	liú	Couler	12		三点水|氵		
利	lì		12		立刀旁|刂		
酒	jiǔ	Vin, alcool	12		三点水|氵		
热	rè	Chaud	13	熱	四点底|灬		-
预	yù		13	預	页字旁|页		
报	bào	Rapporter; journal	13	報	提手旁|扌		
温	wēn	Tempéré, doux	13	溫	三点水|氵		
度	dù	Degré	13		广字旁|广		
乡	xiāng	Pays, village, pays natal	13	鄉	折|乙		
更	gèng，gēng	Plus	13		扁日旁|曰		
夏	xià	Été	13		夂折文|夂		
凉	liáng	Frais	13	涼	两点水|冫		
冬	dōng	Hiver	13		夂折文|夂		
冷	lěng	Froid	13		两点水|冫		
低	dī	Bas; Baisser, incliner	13		单人旁|亻		
暖	nuǎn	Doux	13		日字旁|日		
差	chà，chā，chāi	Moins, mauvais, différent	13		工字旁|工		
滑	huá	Glisser; glissant	13		三点水|氵		
雪	xuě	Neige	13		雨字旁|雨		
游	yóu	Nager	13		三点水|氵		
泳	yǒng	Nager	13		三点水|氵		
春	chūn	Printemps	13		日字旁|日		
短	duǎn	Court	13		矢字旁|矢		
季	jì	Saison	13		子字旁|子		
节	jié	Section; fête	13	節	草字头|艹		
秋	qiū	Automne	13		禾木旁|禾		
雨	yǔ	Pluie	13		雨字旁|雨		
刮	guā	Gratter	13	颳	立刀旁|刂	a	
风	fēng	Vent	13	風	风字旁|风		
极	jí	Extrême	13	極	木字旁|木		
枫	fēng	Érable	13	楓	木字旁|木		
叶	yè	Feuille	13	葉	口字旁|口		
丽	lì	Beau	13	麗	一字旁|一		
晴	qíng	Il fait beau	13		日字旁|日		
云	yún	Nuage	13	雲	一字旁|一		
冰	bīng	Glace	13		两点水|冫		
北	běi	Nord	14		匕字旁|匕		-
农	nóng	Agricole	14	農	秃宝盖|冖		
村	cūn	Village	14		木字旁|木		
环	huán		14	環	王字旁|王		
境	jìng		14		提土旁|土		
交	jiāo	Croiser, donner	14		京字头|亠		
闹	nào	Bruyant	14	鬧	门字框|门		
吵	chǎo	Faire du bruit, se disputer; bruyant	14		口字旁|口		
死	sǐ	Mourir, mort, extrêmement	14		歹字旁|歹		
部	bù	Part, section	14		双耳刀，右耳刀|阝		
层	céng	Étage	14	層	尸字头|尸		
楼	lóu	Bâtiment; étage	14	樓	木字旁|木		
库	kù	Garage	14	庫	广字旁|广		
树	shù	Arbre	14	樹	木字旁|木		
开	kāi	Ouvrir, allumer, conduire, fleurir	14	開	弄字底|廾		
需	xū	Avoir besoin	14		雨字旁|雨		
海	hǎi	Mer	14		三点水|氵		
散	sàn	Disperser	14		反文旁|攵		
步	bù	Pas	14		止字旁|止		
南	nán	Sud	14		十字儿|十		
介	jiè		15		人字旁|人		-
绍	shào		15	紹	绞丝旁|纟		
专	zhuān		15	專	一字旁|一		
业	yè		15	業	一字旁|一		
级	jí	Niveau, rang	15	級	绞丝旁|纟		
普	pǔ		15		日字旁|日		
标	biāo		15	標	木字旁|木		
准	zhǔn	Standard, exact	15	準	两点水|冫		
阅	yuè	Lire	15	閲	门字框|门		
读	dú	Lire	15	讀	言字旁|讠		
力	lì	Force	15		力字旁|力		
练	liàn	S'exercer	15	練	绞丝旁|纟		
清	qīng	Clair	15		三点水|氵		
楚	chǔ		15		木字旁|木		
句	jù	Phrase	15		口字旁|口		
遍	biàn	Fois	15		走之旁|辶		
难	nán	Difficulté, difficile	15	難	隹字旁|隹		
容	róng		15		宝盖头|宀		
易	yì	Facile	15		日字旁|日		
始	shǐ	Commencement, début	15		女字旁|女		
慢	màn	Lent	15		竖心旁|忄		
忘	wàng	Oublier	15		心字旁|心		
种	zhǒng	Genre, sort	15	種	禾木旁|禾		
食	shí	Nourriture; manger	15		食字旁|食		
品	pǐn	Article, produit	15		口字旁|口		
努	nǔ		15		力字旁|力		
糊	hú		15		米字旁|米	a	
涂	tú		15	塗	三点水|氵	a	
互	hù	Mutuellement	15		二字旁|二		
相	xiāng，xiàng	Mutuellement	15		目字旁|目		
谈	tán	Parler	15	談	言字旁|讠		
考	kǎo	Examiner, tester	15		老字旁|耂		
推	tuī	Pousser	16		提手旁|扌		-
迟	chí	Tard	16	遲	走之旁|辶		
安	ān	Lire	16		宝盖头|宀		
排	pái	Ranger, rang	16		提手旁|扌		
金	jīn	Or; métal	16		金字旁|钅		
融	róng		16		虫字旁|虫	a	
贸	mào	Commerce	16	貿	贝字旁|贝		
场	cháng，chǎng	Champ	16	場	提土旁|土		
领	lǐng	Diriger	16	領	页字旁|页	a	
导	dǎo	Guider	16	導	寸字旁|寸		
理	lǐ	Raison; faire attention à	16		王字旁|王		
加	jiā	Additionner	16		力字旁|力		
传	chuán，zhuàn	Passer, passer la main à qqn	16	傳	单人旁|亻		
航	háng	Naviguer	16		舟字旁|舟		
班	bān	Classe, groupe	16		王字旁|王		
警	jǐng	Alerter, donner l'alarme	16		言字旁|言		
察	chá	Examiner	16		宝盖头|宀		
撞	zhuàng	Heurter, cogner, collision	16		提手旁|扌	a	
手	shǒu	Main	16		手字旁|手		
伞	sǎn	Parapluie	16	傘	人字旁|人		
结	jié，jiē	Noeud	16	結	绞丝旁|纟		
果	guǒ	Fruit	16		木字旁|木		
摔	shuāi	Tomber, casser	16		提手旁|扌		
倒	dǎo，dào	Tomber	16		单人旁|亻		
坏	huài	Mauvais, se détériorer	16	壞	提土旁|土		
破	pò	Abîmé, cassé, brisé	16		石字旁|石		
伤	shāng	Blesser	16	傷	单人旁|亻		
背	bèi，bēi	Dos, porter sur le dos	16		月字旁|月		
检	jiǎn	Vérifier, inspecter	16	檢	木字旁|木		
查	chá	Vérifier, examiner, consulter (un dictionnaire)	16	査	木字旁|木		
身	shēn	Corps	16		身字旁|身		
体	tǐ	Corps	16	體	单人旁|亻		
修	xiū	Réparer	16		单人旁|亻		
故	gù	Cause, évènement; vieux	16		反文旁|攵		
租	zū	Louer	17		禾木旁|禾		-
如	rú	Par exemple, si	17		女字旁|女		
搬	bān	Déplacer	17		提手旁|扌	a	
梯	tī		17		木字旁|木		
累	lèi	Fatiguer	17		绞丝底|糸		
锻	duàn		17	鍛	金字旁|钅		
炼	liàn		17	煉	火字旁|火		
套	tào	(Spécificatif pour les sets)	17		大字头|大		
箱	xiāng	Coffre, boîte	17		竹字头|⺮		
洗	xǐ	Laver	17		三点水|氵		
调	tiáo，diào		17	調	言字旁|讠		
付	fù	Payer	17		单人旁|亻		
押	yā		17		提手旁|扌		
合	hé	Fermer, unir, combiner	17		口字旁|口		
带	dài	Prendre, porter, apporter	17	帶	巾字旁|巾		
像	xiàng	Semblable; Ressembler à	17		单人旁|亻		
答	dá，dā	Répondre	17		竹字头|⺮		
拆	chāi	Démonter, détruire, ouvrir	17		提手旁|扌	a	
傅	fù		17		单人旁|亻	a	
台	tái		17	臺	口字旁|口		
旧	jiù	Vieux, ancien	17	舊	日字旁|日		
装	zhuāng	Remplir, monter	17	裝	衣字旁|衣	a	
器	qì	Machine	17		口字旁|口		
寓	yù		17		宝盖头|宀		
卫	wèi		17	衛	单耳刀|卩		
厨	chú		17	廚	偏厂|厂		
京	jīng	Capital	18		京字头|亠		-
剧	jù	Drame, pièce de théâtre	18	劇	立刀旁|刂	a	
懂	dǒng	Comprendre	18		竖心旁|忄	a	
武	wǔ	Militaire, relatif à l'art martial	18		止字旁|止		
戏	xì	Drame	18	戲	戈字旁|戈	a	
演	yǎn	Jouer	18		三点水|氵		
员	yuán	Personne engagée dans certains métiers	18	員	口字旁|口		
纸	zhǐ	Papier	18	紙	绞丝旁|纟		
挺	tǐng	Très	18		提手旁|扌		
座	zuò	Siège, place	18		广字旁|广		
睛	jīng	Oeil	18		目字旁|目		
赶	gǎn	Se précipiter, attraper	18	趕	走字旁|走		
堵	dǔ	Boucher, embouteiller	18		提土旁|土		
连	lián	Même	18	連	走之旁|辶		
爬	pá	Grimper	18		爪字旁|爪		
顶	dǐng	Sommet	18	頂	页字旁|页		
才	cái	Seulement (placé devant un verbe pour indiquer que l'action vient d'avoir lieu ou a eu lieu tardivement)	18	纔	提手旁|扌		
平	píng	Plat, légal, calme; niveler, calmer	18		干字旁|干		
运	yùn	Chance; transporter	18	運	走之旁|辶		
懒	lǎn	Paresseux	18	懶	竖心旁|忄	a	
注	zhù	Verser, concentrer	18		三点水|氵		
建	jiàn	Construire, établir	18		建之旁|廴		
议	yì	Opinion; discuter	18	議	言字旁|讠		
跑	pǎo	Courir	18		足字旁|足		
拳	quán	Boxe	18		手字旁|手	a	
静	jìng	Calme	18	靜	青字旁|青		
影	yǐng	Ombre, image	18		三撇旁|彡		
杂	zá	Mixte	18	雜	木字旁|木		
志	zhì	Marque, volonté, ambition	18	誌	心字旁|心		
丢	diū	Perdre	19	丟	一字旁|一		-
把	bǎ		19		提手旁|扌		
糟	zāo	Mauvais	19		米字旁|米	a	
搞	gǎo	Faire	19		提手旁|扌		
记	jì	Se souvenir, mémoriser	19	記	言字旁|讠		
扔	rēng	Jeter	19		提手旁|扌		
垃	lā	Lire	19		提土旁|土		
圾	jī		19		提土旁|土		
乘	chéng	Prendre (bus, train, etc.)	19		撇字旁|丿		
它	tā	Il, elle (pour les objets inanimés)	19		宝盖头|宀		
宾	bīn	Invité	19	賓	宝盖头|宀		
址	zhǐ	Adresse	19		提土旁|土		
转	zhuǎn	Transférer; changer; passer	19	轉	车字旁|车	a	
骂	mà	Injurier, engueuler, maudire	19	罵	马字旁|马		
顿	dùn		19	頓	页字旁|页		
护	hù	Protéger	19	護	提手旁|扌		
其	qí		19		八字旁|八		
证	zhèng	Prouver, certificat	19	證	言字旁|讠		
袋	dài	Poche, sac	19		衣字旁|衣		
诚	chéng	Honnête, sincère	19	誠	言字旁|讠		
实	shí	Plein, véritable, réalité	19	實	宝盖头|宀		
透	tòu	Complètement; passer à travers	20		走之旁|辶	a	-
取	qǔ	Prendre	20		又字旁|又		
够	gòu	Assez, suffisamment	20	夠	夕字旁|夕		
顺	shùn	Suivre; convenable, agréable	20	順	页字旁|页		
脑	nǎo	Cerveau	20	腦	月字旁|月		
寄	jì	Poster, envoyer	20		宝盖头|宀		
挂	guà	Accrocher	20	掛	提手旁|扌		
信	xìn	Lettre	20		单人旁|亻		
绿	lǜ	Vert	20	綠	绞丝旁|纟		
灯	dēng	Lampe	20	燈	火字旁|火		
偷	tōu	Voler	20		单人旁|亻		
霉	méi	Malchance	20		雨字旁|雨	a	
污	wū	Sale	20		三点水|氵		
染	rǎn	Teindre	20		木字旁|木	a	
严	yán	Sévère, strict, rigoureux	20	嚴	一字旁|一		
重	zhòng	Lourd, important	20		里字旁|里		
被	bèi		20		衣字旁|衤		
毒	dú	Poison; toxique	20		母字旁|母		
变	biàn	Changer	20	變	又字旁|又		
又	yòu	Encore	20		又字旁|又		
栽	zāi	Planter	20		木字旁|木	a	
砍	kǎn	Couper	20		石字旁|石		
政	zhèng	Politique	20		反文旁|攵		
府	fǔ	Politique	20		广字旁|广		
随	suí		20	隨	双耳刀，右耳刀|阝		
草	cǎo	Herbe	20		草字头|艹		
各	gè	Chacun, chaque	20		口字旁|口		
掉	diào	Tomber, perdre, (placé après certains verbes pour exprimer la disparition)	20		提手旁|扌		
惜	xī	Lire	20		竖心旁|忄		
味	wèi	Goût	20		口字旁|口		
保	bǎo	Protéger	20		单人旁|亻		
熊	xióng		21		四点底|灬		-
尾	wěi		21		尸字头|尸		
巴	bā		21		巳字旁|巳		
夜	yè		21		京字头|亠		
竹	zhú		21		竹字头|⺮		
堡	bǎo		21		提土旁|土		
省	shěng		21		目字旁|目		
堂	táng		21		提土旁|土		
举	jǔ		21	舉	丶字旁|丶		
婚	hūn		21		女字旁|女		
入	rù		21		入字旁|入		
俗	sú		21		单人旁|亻		
娘	niáng		21		女字旁|女		
毕	bì		21	畢	比字旁|比		
郎	láng		21		双耳刀，右耳刀|阝		
俩	liǎ		21	倆	单人旁|亻		
恋	liàn		21	戀	心字旁|心		
成	chéng		21		戈字旁|戈		
惯	guàn		21	慣	竖心旁|忄		
原	yuán		21		偏厂|厂		
架	jià		21		木字旁|木		
岂	qǐ		21	豈	山字旁|山		
此	cǐ		21		止字旁|止		
脾	pí		21		月字旁|月	a	
情	qíng		21		竖心旁|忄		
确	què		21	確	石字旁|石	a	
反	fǎn		21		又字旁|又		
醉	zuì		21		酉字旁|酉		
俄	é		2,1		单人旁|亻		-
德	dé		2,1		双人旁，双立人|彳		
韩	hán		2,1	韓	韦字旁|韦		
华	huá		2,1	華	十字儿|十		
裔	yì		2,1		衣字旁|衣		
零	líng		2,1		雨字旁|雨		
饮	yǐn		2,1	飲	食字旁|饣		
料	liào		2,1		米字旁|米		
橙	chéng		2,1		木字旁|木		
汁	zhī		2,1		三点水|氵		
亚	yà		2,1	亞	二字旁|二		
洲	zhōu		2,1		三点水|氵		
欧	ōu		2,1	歐	欠字旁|欠		
洋	yáng		2,1		三点水|氵		
广	guǎng		2,1	廣	广字旁|广		
哥	gē		2,1		口字旁|口		
弟	dì		2,1		弓字旁|弓		
妹	mèi		2,1		女字旁|女		
纪	jì		2,1	紀	绞丝旁|纟		
亿	yì		2,1	億	单人旁|亻		
职	zhí		2,1	職	耳字旁|耳		
录	lù		2,1	錄	雪字底|彐		
音	yīn		2,1		音字旁|音		
磁	cí		2,1		石字旁|石		
盘	pán		2,1	盤	皿字底|皿		
光	guāng		2,1		儿字旁|儿		
言	yán		2,1		言字旁|讠		
验	yàn		2,1	驗	马字旁|马		
黑	hēi		2,1		黑字旁|黑		
瓶	píng		2,1		瓦字旁|瓦		
啤	pí		2,1		口字旁|口		
颜	yán		2,1	顔	页字旁|页		
色	sè		2,1		色字旁|色		
蓝	lán		2,1	藍	草字头|艹		
黄	huáng		2,1	黃	黄字旁|黄		
民	mín		2,1		乛横钩|乛		
币	bì		2,1	幣	巾字旁|巾		
角	jiǎo，jué		2,1		角字旁|角		
毛	máo		2,1		毛字旁|毛		
鸡	jī		2,1	鷄	鸟字旁|鸟		
猪	zhū		2,1	豬	反犬旁|犭	a	
甜	tián		2,1		舌字旁|舌		
咸	xián		2,1		口字旁|口		
唐	tāng		2,1		口字旁|口		
街	jiē		2,1		行字旁|行		
篮	lán		2,1	籃	竹字头|⺮		
网	wǎng		2,1	網	同字框|冂		
橄	gǎn		2,1		木字旁|木	a	
榄	lǎn		2,1	欖	木字旁|木	a	
羽	yǔ		2,1		羽字旁|羽		
乒	pīng		2,2		撇字旁|丿		-
乓	pāng		2,2		撇字旁|丿		
足	zú		2,2		足字旁|足		
踢	tī		2,2		足字旁|足		
曲	qū		2,2		扁日旁|曰		
棍	gùn		2,2		木字旁|木		
川	chuān		2,2		川字旁|川		
胖	pàng		2,2		月字旁|月		
矮	ǎi		2,2		矢字旁|矢	a	
船	chuán		2,2		舟字旁|舟		
辆	liàng		2,2	輛	车字旁|车		
宫	gōng		2,2	宮	宝盖头|宀		
颐	yí		2,2	頤	页字旁|页		
园	yuán		2,2	園	方框儿，国字框|囗		
宠	chǒng		2,2	寵	宝盖头|宀		
遛	liù		2,2		走之旁|辶		
胶	jiāo		2,2	膠	月字旁|月	a	
卷	juǎn，juàn		2,2	捲	㔾字旁|㔾		
眉	méi		2,2		目字旁|目		
鼻	bí		2,2		鼻字旁|鼻		
耳	ěr		2,2		耳字旁|耳		
朵	duo		2,2		木字旁|木		
嘴	zuǐ		2,2		口字旁|口		
牙	yá		2,2		牙字旁|牙		
齿	chǐ		2,2	齒	齿字旁|齿		
舌	shé		2,2		舌字旁|舌		
脸	liǎn		2,2	臉	月字旁|月		
脖	bó		2,2		月字旁|月		
肩	jiān		2,2		月字旁|月		
膀	bǎng		2,2		月字旁|月		
臂	bì		2,2		月字旁|月	a	
胸	xiōng		2,2		月字旁|月		
乳	rǔ		2,2		竖弯钩|乚		
腰	yāo		2,2		月字旁|月		
屁	pì		2,2		尸字旁|尸		
股	gǔ		2,2		月字旁|月		
腿	tuǐ		2,2		月字旁|月		
脚	jiǎo		2,2		月字旁|月		
夫	fū		2,2		大字头|大		
脏	zāng		2,2	臟髒	月字旁|月		
针	zhēn		2,2	針	金字旁|钅		
香	xiāng		2,2		香字旁|香		
港	gǎng		2,2		三点水|氵		
超	chāo		2,2		走字旁|走		
览	lǎn		2,2	覽	见字旁|见		
督	dū		2,2		目字旁|目	a	
首	shǒu		2,2		首字旁|首		
扮	bàn		2,2		提手旁|扌	a	
帅	shuài		2,2	帥	巾字旁|巾		
鼠	shǔ		2,2		鼠字旁|鼠		
虎	hǔ		2,3		虎字头|虍		-
兔	tù		2,3		儿字旁|儿		
蛇	shé		2,3		虫字旁|虫		
羊	yáng		2,3		羊字旁|羊		
猴	hóu		2,3		反犬旁|犭		
摄	shè		2,3	攝	提手旁|扌	a	
氏	shì		2,3		氏字旁|氏		
阳	yáng		2,3	陽	双耳刀，右耳刀|阝		
阴	yīn		2,3	陰	双耳刀，右耳刀|阝		
区	qū		2,3	區	三框儿|匚，三匡栏|匚		
郊	jiāo		2,3		双耳刀，右耳刀|阝		
湖	hú		2,3		三点水|氵		
森	sēn		2,3		木字旁|木		
沙	shā		2,3		三点水|氵		
漠	mò		2,3		三点水|氵		
翻	fān		2,3		羽字旁|羽		
译	yì		2,3	譯	言字旁|讠		
绩	jì		2,3	績	绞丝旁|纟		
及	jí		2,3		又字旁|又	a	
格	gé		2,3		木字旁|木		
册	cè		2,3	冊	撇字旁|丿		
待	dài		2,3		双人旁，双立人|彳		
访	fǎng		2,3	訪	言字旁|讠		
资	zī		2,3	資	贝字旁|贝		
企	qǐ		2,3		人字旁|人		
投	tóu		2,3		提手旁|扌		
屋	wū		2,3		尸字旁|尸		
签	qiān		2,3	簽籤	竹字头|⺮		
份	fèn		2,3		单人旁|亻		
卧	wò		2,3	臥	卜字旁|卜		
表	biǎo		2,3	錶	衣字旁|衣		
精	jīng		2,3		米字旁|米		
彩	cǎi		2,3		三撇旁|彡	a	
束	shù		2,3		木字旁|木		
景	jǐng		2,3		日字旁|日		
弃	qì		2,3	棄	弄字底|廾		
卡	kǎ		2,3		卜字旁|卜		
存	cún		2,3		子字旁|子		
粗	cū		2,3		米字旁|米		
责	zé		2,3	責	贝字旁|贝		
怪	guài		2,3		竖心旁|忄		
捡	jiǎn		2,3	撿	提手旁|扌	a	
扬	yáng		2,3	揚	提手旁|扌	a	
封	fēng		2,3		寸字旁|寸		
收	shōu		2,3		反文旁|攵		
幸	xìng		2,3		干字旁|干		
治	zhì		2,3		三点水|氵		
设	shè		2,3	設	言字旁|讠		
展	zhǎn		2,3		尸字旁|尸		
改	gǎi		2,3		反文旁|攵		
善	shàn		2,3		口字旁|口		
著	zhù		3-1		草字头|艹		-
弄	nòng		3-1		弄字底|廾		
处	chù		3-1	處	夂折文|夂		
旗	qí		3-1		方字旁|方		
之	zhī		3-1		丶字旁|丶		
象	xiàng		3-1		家字底|豕		
征	zhēng		3-1	徵	双人旁，双立人|彳		
唯	wéi		3-1		口字旁|口		
捧	pěng		3-1		提手旁|扌	a	
摘	zhāi		3-1		提手旁|扌	a	
颗	kē		3-1	顆	页字旁|页		
泪	lèi		3-1	淚	三点水|氵		
笑	xiào		3-1		竹字头|⺮		
达	dá		3-1	達	走之旁|辶		
圆	yuán		3-1	圓	方框儿，国字框|囗		
豆	dòu		3-1		豆字旁|豆		
诗	shī		3-1	詩	言字旁|讠		
希	xī		3-1		巾字旁|巾		
望	wàng		3-1		月字旁|月		
采	cǎi		3-1	採	采字旁|采		
古	gǔ		3-1		口字旁|口		
代	dài		3-1		单人旁|亻		
萝	luó		3-2	蘿	草字头|艹		-
卜	bo		3-2	蔔	卜字旁|卜		
侄	zhí		3-2	姪	单人旁|亻		
周	zhōu		3-2		口字旁|口		
全	quán		3-2		入字旁|入		
戚	qī		3-2		戈字旁|戈		
贺	hè		3-2	賀	贝字旁|贝		
夸	kuā		3-2	誇	大字头|大	a	
目	mù		3-2		目字旁|目		
抓	zhuā		3-2		提手旁|扌		
将	jiāng		3-2	將	寸字旁|寸		
巧	qiǎo		3-2		工字旁|工	a	
克	kè		3-2		十字儿|十		
盒	hé		3-2		皿字底|皿		
伙	huǒ		3-2		单人旁|亻		
仪	yí		3-2	儀	单人旁|亻		
式	shì		3-2		弋字旁|弋		
聪	cōng		3-2	聰	耳字旁|耳		
泼	pō		3-2	潑	三点水|氵	a	
义	yì		3-2	義	丶字旁|丶		
桌	zhuō		3-2		木字旁|木		
具	jù		3-2		八字旁|八		
枪	qiāng		3-2	槍	木字旁|木		
摸	mō		3-2		提手旁|扌		
竟	jìng		3-2		音字旁|音		
鹅	é		3-2	鵝	鸟字旁|鸟		
帖	tiě		3-2		巾字旁|巾	a	
价	jià		3-2	價	单人旁|亻		
篇	piān		3-3		竹字头|⺮		-
而	ér		3-3		而字旁|而		
且	qiě		3-3		一字旁|一		
持	chí		3-3		提手旁|扌		
既	jì		3-3		旡字旁|旡		
奇	qí		3-3		大字头|大		
爷	yé		3-3	爺	父字旁|父		
移	yí		3-3		禾木旁|禾		
提	tí		3-3		提手旁|扌		
申	shēn		3-3		田字旁|田	a	
批	pī		3-3		提手旁|扌		
况	kuàng		3-3	況	两点水|冫		
简	jiǎn		3-3	簡	竹字头|⺮		
单	dān		3-3	單	十字儿|十		
祖	zǔ		3-3		示字旁|礻		
世	shì		3-3		一字旁|一		
界	jiè		3-3		田字旁|田		
许	xǔ		3-3	許	言字旁|讠		
基	jī		3-3		提土旁|土		
魁	kuí		3-3		鬼字旁|鬼	a	
邯	hán		3-3		双耳刀，右耳刀|阝	a	
郸	dān		3-3	鄲	双耳刀，右耳刀|阝	a	
赛	sài		3-4	賽	宝盖头|宀		-
播	bō		3-4		提手旁|扌		
队	duì		3-4	隊	双耳刀，右耳刀|阝		
迷	mí		3-4		走之旁|辶		
管	guǎn		3-4		竹字头|⺮		
留	liú		3-4		田字旁|田		
育	yù		3-4		月字旁|月		
久	jiǔ		3-4		撇字旁|丿		
联	lián		3-4	聯	耳字旁|耳		
愿	yuàn		3-4	願	心字旁|心		
拒	jù		3-4		提手旁|扌		
绝	jué		3-4	絕	绞丝旁|纟		
青	qīng		3-4		青字旁|青		
偶	ǒu		3-4		单人旁|亻		
尔	ěr		3-4	爾	小字旁|小		
续	xù		3-4	續	绞丝旁|纟		
娱	yú		3-4	娛	女字旁|女	a	
末	mò		3-4		木字旁|木		
抢	qiǎng		3-4	搶	提手旁|扌		
遥	yáo		3-4	遙	走之旁|辶		
控	kòng		3-4		提手旁|扌		
拾	shí		3-5		提手旁|扌	a	-
李	lǐ		3-5		木字旁|木	a	
巾	jīn		3-5		巾字旁|巾		
膏	gāo		3-5		月字旁|月	a	
根	gēn		3-5		木字旁|木		
备	bèi		3-5	備	夂折文|夂		
类	lèi		3-5	類	米字旁|米		
刷	shuā		3-5		立刀旁|刂		
牌	pái		3-5		片字旁|片	a	
括	kuò		3-5		提手旁|扌	a	
除	chú		3-5		双耳刀，右耳刀|阝		
念	niàn		3-5		心字旁|心		
趟	tàng		3-5		走字旁|走 		
神	shén		3-5		示字旁|礻		
于	yú		3-5	於	二字旁|二		
辈	bèi		3-5	輩	车字旁|车		
解	jiě		3-5		角字旁|角		
受	shòu		3-5		又字旁|又		
殊	shū		3-5		歹字旁|歹	a	
直	zhí		3-5		目字旁|目		
坛	tán		3-5	壇	提土旁|土	a	
饱	bǎo		3-5	飽	食字旁|饣		
兜	dōu		3-5		儿字旁|儿	a	
耐	nài		3-6		而字旁|而		-
聊	liáo		3-6		耳字旁|耳		
费	fèi		3-6	費	贝字旁|贝		
软	ruǎn		3-6	軟	车字旁|车		
显	xiǎn		3-6	顯	日字旁|日		
宝	bǎo		3-6	寶	宝盖头|宀		
贝	bèi		3-6	貝	贝字旁|贝		
虽	suī		3-6	雖	虫字旁|虫		
积	jī		3-6	積	禾木旁|禾	a	
顾	gù		3-6	顧	页字旁|页	a	
赚	zhuàn		3-6	賺	贝字旁|贝	a	
碰	pèng		3-6		石字旁|石	a	
乎	hū		3-6		撇字旁|丿		
惊	jīng		3-6	驚	竖心旁|忄		
松	sōng		3-6	鬆	木字旁|木		
棋	qí		3-6		木字旁|木		
健	jiàn		3-6		单人旁|亻		
康	kāng		3-6		广字旁|广		
挤	jǐ		3-6	擠	提手旁|扌	a	
峰	fēng		3-6		山字旁|山	a	
决	jué		3-7	決	两点水|冫		-
坚	jiān		3-7	堅	提土旁|土		
讲	jiǎng		3-7	講	言字旁|讠		
究	jiū		3-7		穴宝盖|穴		
福	fú		3-7		示字旁|礻		
吓	xià		3-7	嚇	口字旁|口		
帝	dì		3-7		巾字旁|巾		
伟	wěi		3-7	偉	单人旁|亻		
般	bān		3-7		舟字旁|舟		
响	xiǎng		3-7	響	口字旁|口	a	
据	jù		3-7	據	提手旁|扌	a	
计	jì		3-7	計	言字旁|讠		
稀	xī		3-7		禾木旁|禾		
泽	zé		3-7	澤	三点水|氵		
邓	dèng		3-7	鄧	双耳刀，右耳刀|阝	a	
富	fù		3-7		宝盖头|宀	a	
余	yú		3-7	餘	人字头|人	a	
庭	tíng		3-7		广字旁|广		
划	huá		3-8		立刀旁|刂		-
舟	zhōu		3-8		舟字旁|舟		
杀	shā		3-8	殺	木字旁|木		
救	jiù		3-8		反文旁|攵		
向	xiàng		3-8		口字旁|口		
粽	zòng		3-8		米字旁|米		
突	tū		3-8		穴宝盖|穴		
姑	gū		3-8		女字旁|女		
尚	shang		3-8		小字头|小		
妻	qī		3-8		女字旁|女		
劝	quàn		3-8	勸	力字旁|力	a	
按	àn		3-8		提手旁|扌		
躺	tǎng		3-8		身字旁|身		
躲	duǒ		3-8		身字旁|身		
丈	zhàng		3-8		一字旁|一		
压	yā		3-8	壓	偏厂|厂	a	
编	biān		3-8	編	绞丝旁|纟	a	
端	duān		3-8		立字旁|立		
屈	qū		3-8		尸字旁|尸		
杭	háng		3-8		木字旁|木	a	
州	zhōu		3-8		川字旁|川		
仙	xiān		3-8		单人旁|亻		
寺	sì		3-8		寸字旁|寸		
雷	léi		3-8		雨字旁|雨		
塔	tǎ		3-8		提土旁|土		
族	zú		3-8		方字旁|方		
埋	mái		3-8		提土旁|土	a	
坟	fén		3-8	墳	提土旁|土	a	
墓	mù		3-8		草字头|艹	a	
蝴	hú		3-8		虫字旁|虫		
蝶	dié		3-8		虫字旁|虫		
梁	liáng		3-8		木字旁|木	a	
伯	bó		3-8		单人旁|亻	a	
搭	dā		3-9		提手旁|扌	a	-
档	dàng		3-9	檔	木字旁|木		
授	shòu		3-9		提手旁|扌		
替	tì		3-9		扁日旁|曰		
奖	jiǎng		3-9	獎	大字旁|大		
载	zǎi		3-9	載	车字旁|车	a	
输	shū		3-9	輸	车字旁|车	a	
赢	yíng		3-9	贏	贝字旁|贝	a	
逛	guàng		3-9		走之旁|辶	a	
印	yìn		3-9		单耳刀|卩		
深	shēn		3-9		三点水|氵		
忍	rěn		3-9		心字旁|心	a	
至	zhì		3-9		至字旁|至		
货	huò		3-9	貨	贝字旁|贝		
并	bìng		3-9	並	干字旁|干		
摆	bǎi		3-9	擺	提手旁|扌	a	
尤	yóu		3-9		尤字旁|尢		
居	jū		3-9		尸字旁|尸		
孔	kǒng		3-9		子字旁|子		
郑	zhèng		3-9	鄭	双耳刀，右耳刀|阝	a	
丝	sī		3-9	絲	一字旁|一	a	
帛	bó		3-9		巾字旁|巾	a	
科	kē		3-9		禾木旁|禾		
庄	zhuāng		3-10	莊	广字旁|广	a	-
岗	gǎng		3-10	崗	山字旁|山	a	
适	shì		3-10	適	走之旁|辶	a	
态	tài		3-10	態	心字旁|心		
疯	fēng		3-10	瘋	病字旁|疒		
敢	gǎn		3-10		反文旁|攵		
瞒	mán		3-10	瞞	目字旁|目	a	
怜	lián		3-10	憐	竖心旁|忄		
闻	wén		3-10	聞	门字框|门		
务	wù		3-10	務	力字旁|力		
消	xiāo		3-10		三点水|氵		
培	péi		3-10		提土旁|土	a	
训	xùn		3-10	訓	言字旁|讠		
技	jì		3-10		提手旁|扌	a	
术	shù		3-10	術	木字旁|木		
犹	yóu		3-10	猶	反犬旁|犭	a	
豫	yù		3-10		家字底|豕	a	
满	mǎn		3-10	滿	三点水|氵		
竞	jìng		3-10	競	立字旁|立		
争	zhēng		3-10	爭	刀字旁|刀		
脆	cuì		3-10	脃	月字旁|月	a	
裙	qún		3-10		衣字旁|衤		
性	xìng		3-10		竖心旁|忄		
吊	diào		3-10		口字旁|口	a	
妆	zhuāng		3-10	妝	女字旁|女	a	
激	jī		3-10		三点水|氵		
烈	liè		3-10		四点底|灬		
辛	xīn		3-11		辛字旁|辛		-
苦	kǔ		3-11		草字头|艹		
段	duàn		3-11		没字旁|殳		
选	xuǎn		3-11	選	走之旁|辶		
贷	dài		3-11	貸	贝字旁|贝		
挣	zhèng		3-11		提手旁|扌	a	
独	dú		3-11	獨	反犬旁|犭		
立	lì		3-11		立字旁|立		
即	jí		3-11		单耳刀|卩	a	
使	shǐ		3-11		单人旁|亻		
论	lùn		3-11	論	言字旁|讠		
伸	shēn		3-11		单人旁|亻		
数	shù，shǔ		3-11	數	反文旁|攵		
细	xì		3-11	細	绞丝旁|纟		
却	què		3-11	卻	单耳刀|卩		
仅	jǐn		3-11	僅	单人旁|亻		
任	rèn		3-11		单人旁|亻		
围	wéi		3-11	圍	方框儿，国字框|囗		
倍	bèi		3-11		单人旁|亻		
虑	lǜ		3-11	慮	虎字头|虍		
由	yóu		3-11		田字旁|田		
枝	zhī		3-12		木字旁|木		-
玫	méi		3-12		王字旁|王	a	
瑰	guī		3-12		王字旁|王	a	
宵	xiāo		3-12		宝盖头|宀	a	
饼	bǐng		3-12	餅	食字旁|饣		
呆	dāi		3-12		口字旁|口		
患	huàn		3-12		心字旁|心		
浪	làng		3-12		三点水|氵		
漫	màn		3-12		三点水|氵		
似	sì，shì		3-12		单人旁|亻		
袜	wà		3-12	襪	衣字旁|衤		
双	shuāng		3-12	雙	又字旁|又		
拢	lǒng		3-12	攏	提手旁|扌	a	
失	shī		3-12		大字旁|大		
落	luò		3-12		草字头|艹		
某	mǒu		3-12		木字旁|木		
挚	zhì		3-12	摯	手字旁|手	a	
圣	shèng		3-12	聖	提土旁|土		
诞	dàn		3-12	誕	言字旁|讠		
紧	jǐn		3-12	緊	绞丝底|糸		
啰	luō		3-12	囉	口字旁|口	a	
唆	suō		3-12		口字旁|口	a	
嗦	suō		3-12		口字旁|口	a	
吹	chuī		3-12		口字旁|口		
拼	pīn		4-1		提手旁|扌		-
命	mìng		4-1		口字旁|口		
锁	suǒ		4-1	鎖	金字旁|钅		
享	xiǎng		4-1		京字头|亠		
炒	chǎo		4-1		火字旁|火		
鱿	yóu		4-1	魷	鱼字旁|鱼		
案	àn		4-1		木字旁|木		
曾	céng		4-1		扁日旁|曰		
增	zēng		4-1		提土旁|土		
挥	huī		4-1	揮	提手旁|扌	a	
贡	gòng		4-1	貢	贝字旁|贝		
献	xiàn		4-1	獻	犬字旁|犬		
择	zé		4-1	擇	提手旁|扌		
例	lì		4-1		单人旁|亻		
强	qiáng		4-1	強	弓字旁|弓		
量	liàng		4-1		里字旁|里		
招	zhāo		4-1		提手旁|扌		
聘	pìn		4-1		耳字旁|耳	a	
辞	cí		4-1	辭	辛字旁|辛		
组	zǔ		4-1	組	绞丝旁|纟		
织	zhī		4-1	織	绞丝旁|纟		
靓	liàng		4-2	靚	青字旁|青	a	-
官	guān		4-2		宝盖头|宀		
何	hé		4-2		单人旁|亻		
革	gé		4-2		革字旁|革		
罪	zuì		4-2		四字头|罒		
际	jì		4-2	際	双耳刀，右耳刀|阝		
布	bù		4-2	佈	巾字旁|巾		
置	zhì		4-2		四字头|罒		
页	yè		4-2	頁	页字旁|页		
撕	sī		4-2		提手旁|扌	a	
碎	suì		4-2		石字旁|石	a	
幼	yòu		4-2		幺字旁|幺		
讶	yà		4-2	訝	言字旁|讠	a	
社	shè		4-2		示字旁|礻		
孤	gū		4-2		子字旁|子		
良	liáng		4-2		艮字旁|艮		
掌	zhǎng		4-2		手字旁|手	a	
握	wò		4-2		提手旁|扌	a	
则	zé		4-2	則	立刀旁|刂		
孙	sūn		4-3	孫	子字旁|子		-
瞧	qiáo		4-3		目字旁|目		
讨	tǎo		4-3	討	言字旁|讠		
画	huà		4-3	畫	田字旁|田		
伴	bàn		4-3		单人旁|亻		
求	qiú		4-3		水字旁|水		
柔	róu		4-3		木字旁|木		
负	fù		4-3	負	贝字旁|贝		
复	fù		4-3	復複	反文旁|攵		
遗	yí		4-3	遺	走之旁|辶		
产	chǎn		4-3	產	京字头|亠		
财	cái		4-3	財	贝字旁|贝		
巢	cháo		4-3		|巛		
荡	dàng		4-3	蕩	草字头|艹		
碗	wǎn		4-3		石字旁|石		
距	jù		4-3		足字旁|足		
详	xiáng		4-4	詳	言字旁|讠		-
临	lín		4-4	臨	坚|丨	a	
指	zhǐ		4-4		提手旁|扌		
捐	juān		4-4		提手旁|扌	a	
县	xiàn		4-4	縣	私字旁|厶	a	
困	kùn		4-4		方框儿，国字框|囗		
缺	quē		4-4		缶字旁|缶	a	
切	qiè		4-4		刀字旁|刀		
猜	cāi		4-4		反犬旁|犭		
惹	rě		4-4		心字旁|心	a	
悬	xuán		4-4	懸	心字旁|心	a	
瞪	dèng		4-4		目字旁|目		
莫	mò		4-4		草字头|艹	a	
妙	miào		4-4		女字旁|女		
侨	qiáo		4-4	僑	单人旁|亻	a	
竣	jùn		4-4		立字旁|立		
剪	jiǎn		4-4		刀字旁|刀		
示	shì		4-4		示字旁|示		
贫	pín		4-4	貧	贝字旁|贝		
赠	zèng		4-4	贈	贝字旁|贝		
研	yán		4-4		石字旁|石		
赵	Zhào		4-4	趙	走字旁|走 		
陈	Chén		4-4	陳	双耳刀，右耳刀|阝		
刘	Liú		4-4	劉	立刀旁|刂		
派	pài		4-5		三点水|氵		-
吉	jí		4-5		口字旁|口		
抱	bào		4-5		提手旁|扌		
歉	qiàn		4-5		欠字旁|欠	a	
拉	lā		4-5		提手旁|扌		
否	fǒu		4-5		口字旁|口		
梦	mèng		4-5	夢	木字旁|木		
若	ruò		4-5		草字头|艹		
供	gōng		4-5		单人旁|亻		
购	gòu		4-5	購	贝字旁|贝		
创	chuàng		4-5	創	立刀旁|刂		
刊	kān		4-5		立刀旁|刂		
营	yíng		4-5	營	草字头|艹		
承	chéng		4-5		立刀旁|刂	a	
穷	qióng		4-5	窮	穴宝盖|穴		
奋	fèn		4-5	奮	大字头|大		
斗	dòu		4-5	鬥	斗字旁|斗		
凌	líng		4-6		两点水|冫		-
晨	chén		4-6		日字旁|日		
筑	zhù		4-6	築	竹字头|⺮		
宣	xuān		4-6		宝盖头|宀		
氛	fēn		4-6		气字旁|气		
挽	wǎn		4-6		提手旁|扌	a	
士	shì		4-6		士字旁|士		
伦	lún		4-6	倫	单人旁|亻		
跨	kuà		4-6		足字旁|足		
列	liè		4-6		立刀旁|刂		
群	qún		4-6	羣	羊字旁|羊		
岸	àn		4-6		山字旁|山		
辉	huī		4-6	輝	车字旁|车		
映	yìng		4-6		日字旁|日		
艺	yì		4-6	藝	草字头|艹		
黎	lí		4-6		黍字旁|黍		
埃	āi		4-6		提土旁|土	a	
艾	āi		4-6		草字头|艹	a	
菲	fēi		4-6		草字头|艹		
浦	pǔ		4-6		三点水|氵		
江	jiāng		4-6		三点水|氵		
虫	chóng		4-7	蟲	虫字旁|虫		-
泡	pào		4-7		三点水|氵		
络	luò		4-7	絡	绞丝旁|纟		
限	xiàn		4-7		双耳刀，右耳刀|阝		
槐	huái		4-7		木字旁|木	a	
慌	huāng		4-7		竖心旁|忄	a	
终	zhōng		4-7	終	绞丝旁|纟		
坦	tǎn		4-7		提土旁|土		
率	shuài		4-7		京字头|亠		
丑	chǒu		4-7	醜	乛横钩|乛		
鸭	yā		4-7	鴨	鸟字旁|鸟		
呼	hū		4-7		口字旁|口		
髦	máo		4-7		髟字旁|髟		
虚	xū		4-7		虎字头|虍		
幻	huàn		4-7		幺字旁|幺		
造	zào		4-7		走之旁|辶		
欲	yù		4-7		欠字旁|欠		
锅	guō		4-8	鍋	金字旁|钅		-
筷	kuài		4-8		竹字头|⺮		
婆	pó		4-8		女字旁|女		
瓢	piáo		4-8		瓜字旁| 瓜	a	
盆	pén		4-8		皿字底|皿		
废	fèi		4-8	廢	广字旁|广		
湿	shī		4-8	濕	三点水|氵		
漉	lù		4-8		三点水|氵		
擦	cā		4-8		提手旁|扌		
巨	jù		4-8		工字旁|工		
充	chōng		4-8		儿字旁|儿		
柱	zhù		4-8		木字旁|木		
必	bì		4-8		心字旁|心		
须	xū		4-8	須	页字旁|页		
崛	jué		4-8		山字旁|山	a	
贤	xián		4-8	賢	贝字旁|贝	a	
疲	pí		4-8		病字旁|疒		
劳	láo		4-8	勞	力字旁|力		
煎	jiān		4-8		四点底|灬	a	
丘	qiū		4-8		一字旁|一		
怨	yuàn		4-8		心字旁|心	a	
益	yì		4-8		皿字底|皿		
减	jiǎn		4-8	減	两点水|冫		
聚	jù		4-9		耳字旁|耳	a	-
鼎	dǐng		4-9		鼎字旁|鼎	a	
丁	dīng		4-9		一字旁|一		
轮	lún		4-9	輪	车字旁|车	a	
磨	mó		4-9		广字旁|广	a	
茧	jiǎn		4-9	繭	草字头|艹		
整	zhěng		4-9		反文旁|攵		
悄	qiāo		4-9		竖心旁|忄	a	
寂	jì		4-9		宝盖头|宀		
寞	mò		4-9		宝盖头|宀	a	
另	lìng		4-9		口字旁|口		
无	wú		4-9	無	无字旁|无		
乏	fá		4-9		撇字旁|丿		
痛	tòng		4-9		病字旁|疒		
娩	miǎn		4-9		女字旁|女	a	
奢	shē		4-9		大字头|大		
侈	chǐ		4-9		单人旁|亻		
维	wéi		4-9	維	绞丝旁|纟		
宗	zōng		4-9		宝盖头|宀		
沈	shěn		4-9		三点水|氵	a	
氓	máng		4-10		氏字旁|氏	a	-
逃	táo		4-10		走之旁|辶		
狠	hěn		4-10		反犬旁|犭		
犯	fàn		4-10		反犬旁|犭		
误	wù		4-10	誤	言字旁|讠		
初	chū		4-10		衣字旁|衤		
内	nèi		4-10	內	同字框|冂		
偏	piān		4-10		单人旁|亻	a	
侠	xiá		4-10	俠	单人旁|亻		
勤	qín		4-10		力字旁|力	a	
窗	chuāng		4-10		穴宝盖|穴		
户	hù		4-10		户字旁|户		
继	jì		4-10	繼	绞丝旁|纟		
断	duàn		4-10	斷	斤字旁|斤		
祸	huò		4-10	禍	示字旁|礻		
恶	è		4-10	惡	心字旁|心		
彻	chè		4-10	徹	双人旁，双立人|彳	a	
底	dǐ		4-10		广字旁|广		
厢	xiāng		4-10	廂	偏厂|厂	a	
抚	fǔ		4-10	撫	提手旁|扌	a	
与	yǔ		4-11	與	一字旁|一		-
兄	xiōng		4-11		儿字旁|儿		
孝	xiào		4-11		子字旁|子		
肖	xiào		4-11		月字旁|月		
止	zhǐ		4-11		止字旁|止		
效	xiào		4-11		反文旁|攵		
拜	bài		4-11		手字旁|手		
托	tuō		4-11		提手旁|扌		
引	yǐn		4-11		弓字旁|弓		
尊	zūn		4-11		寸字旁|寸		
症	zhèng		4-11		病字旁|疒		
疗	liáo		4-11	療	病字旁|疒		
源	yuán		4-11		三点水|氵		
律	lǜ		4-11		双人旁，双立人|彳		
权	quán		4-11	權	木字旁|木		
癌	ái		4-11		病字旁|疒		
施	shī		4-11		方字旁|方		
禁	jìn		4-11		示字旁|示		
荷	hé		4-11		草字头|艹		
兰	lán		4-11	蘭	八字旁|八		
询	xún		4-11	詢	言字旁|讠		
陆	lù		4-12	陸	双耳刀，右耳刀|阝		-
异	yì		4-12	異	弄字底|廾		
露	lù		4-12		雨字旁|雨		
遇	yù		4-12		走之旁|辶		
烟	yān		4-12	煙	火字旁|火		
未	wèi		4-12		木字旁|木		
委	wěi		4-12		女字旁|女		
占	zhàn		4-12	佔	卜字旁|卜		
皮	pí		4-12		皮字旁|皮		
肤	fū		4-12	膚	月字旁|月		
童	tóng		4-12		立字旁|立		
仍	réng		4-12		单人旁|亻		
型	xíng		4-12		提土旁|土		
欣	xīn		4-12		欠字旁|欠	a	
慰	wèi		4-12		心字旁|心		
洛	luò		4-12		三点水|氵		
杉	shān		4-12		木字旁|木		
矶	jī		4-12	磯	石字旁|石	a	
盛	shèng		4-12		皿字底|皿		
尼	ní		4-12		尸字旁|尸		
湾	wān		4-12	灣	三点水|氵		
颁	bān		4-12	頒	页字旁|页		
令	lìng		4-12		人字头|人		
摇	yáo		4-12		提手旁|扌	a	
晃	huàng		4-12		日字旁|日	a	
拖	tuō		4-12		提手旁|扌	a	
鞋	xié		4-12		革字旁|革		
辩	biàn		4-12	辯	辛字旁|辛	a	
慈	cí		4-12		心字旁|心		
攻	gōng		4-12		工字旁|工		
击	jī		4-12	擊	凶字框|凵		
谓	wèi		4-12	謂	言字旁|讠		
苏	sū		4-12	蘇	草字头|艹		
线	xiàn		MC2-1	線綫	绞丝旁|纟		-
胡	hú		MC2-1	鬍	月字旁|月		
填	tián		MC2-1		提土旁|土		
判	pàn		MC2-1		立刀旁|刂		
声	shēng		MC2-1	聲	士字旁|士		
喊	hǎn		MC2-1		口字旁|口		
哎	āi		MC2-1		口字旁|口		
石	shí		MC2-1		石字旁|石		
啦	la		MC2-1		口字旁|口		
喂	wèi		MC2-1		口字旁|口		
啊	a		MC2-1		口字旁|口		
呀	ya		MC2-1		口字旁|口		
哇	wa		MC2-1		口字旁|口		
狮	shī		MC2-1	獅	反犬旁|犭		
哦	ò		MC2-1		口字旁|口		
稍	shāo		MC2-1		禾木旁|禾		
囫	hú		MC2-1		方框儿，国字框|囗		
囵	lún		MC2-1	圇	方框儿，国字框|囗		
吞	tūn		MC2-1		口字旁|口		
枣	zǎo		MC2-1	棗	木字旁|木		
梨	lí		MC2-1		木字旁|木		
嚼	jiáo		MC2-1		口字旁|口		
咽	yàn		MC2-1	嚥	口字旁|口		
苹	píng		MC2-1	蘋	草字头|艹		
忽	hū		MC2-1		心字旁|心		
私	sī		MC2-1		禾木旁|禾		
厌	yàn		MC2-2	厭	偏厂|厂		-
铃	líng，līng		MC2-2	鈴	金字旁|钅		
睁	zhēng		MC2-2		目字旁|目		
醒	xǐng		MC2-2		酉字旁|酉		
澡	zǎo		MC2-2		三点水|氵		
脱	tuō		MC2-2		月字旁|月		
吸	xī		MC2-2		口字旁|口		
扣	kòu		MC2-2		提手旁|扌		
梳	shū		MC2-2		木字旁|木		
盏	zhǎn		MC2-2	盞	皿字底|皿		
叮	dīng		MC2-2		口字旁|口		
唉	ài		MC2-2		口字旁|口		
齐	qí		MC2-2	齊	齐字旁|齐		
添	tiān		MC2-2		三点水|氵		
赏	shǎng		MC2-2	賞	贝字旁|贝		
壶	hú		MC2-2	壺	士字旁|士		
饿	è		MC2-2	餓	食字旁|饣		
匹	pǐ		MC2-3		三框儿|匚，三匡栏|匚		-
貌	mào		MC2-3		豸字旁|豸		
堆	duī		MC2-3		提土旁|土		
土	tǔ		MC2-3		提土旁|土		
帽	mào		MC2-3		巾字旁|巾		
扰	rǎo		MC2-3	擾	提手旁|扌		
柬	jiǎn		MC2-3		木字旁|木		
秘	mì		MC2-3		禾木旁|禾		
密	mì		MC2-3		宝盖头|宀		
妇	fù		MC2-3	婦	女字旁|女		
浅	qiǎn		MC2-3	淺	三点水|氵		
驾	jià		MC2-3	駕	马字旁|马		
停	tíng		MC2-3		单人旁|亻		
符	fú		MC2-3		竹字头|⺮		
刀	dāo		MC2-4		刀字旁|刀		-
油	yóu		MC2-4		三点水|氵		
盐	yán		MC2-4	鹽	皿字底|皿		
匀	yún		MC2-4	勻	包字头|勹		
烤	kǎo		MC2-4		火字旁|火		
模	mú		MC2-4		木字旁|木		
勺	sháo		MC2-4		包字头|勹		
粉	fěn		MC2-4		米字旁|米		
叉	chā		MC2-4		又字旁|又		
葡	pú		MC2-4		草字头|艹		
萄	táo		MC2-4		草字头|艹		
乱	luàn		MC2-4	亂	折|乙		
笨	bèn		MC2-4		竹字头|⺮		
愉	yú		MC2-4		竖心旁|忄		
尝	cháng		MC2-4	嘗	小字头|小		
庆	qìng		MC2-4	慶	广字旁|广		
搅	jiǎo		MC2-4	攪	提手旁|扌		
憾	hàn		MC2-4		竖心旁|忄		
谱	pǔ		MC2-4	譜	言字旁|讠		
胳	gē		MC2-4		月字旁|月		
膊	bó		MC2-4		月字旁|月		
昂	áng		MC2-4		日字旁|日		
揠	yà		MC2-4		提手旁|扌		
苗	miáo		MC2-4		草字头|艹		
秧	yāng		MC2-4		禾木旁|禾		
拔	bá		MC2-4		提手旁|扌		
宴	yàn		MC2-5		宝盖头|宀		-
薯	shǔ		MC2-5		草字头|艹		
淇	qī		MC2-5		三点水|氵		
淋	lín		MC2-5		三点水|氵		
刺	cì		MC2-5		立刀旁|刂		
矩	jǔ		MC2-5		矢字旁|矢		
胃	wèi		MC2-5		月字旁|月		
酪	lào		MC2-5		酉字旁|酉		
灰	huī		MC2-6		火字旁|火		-
众	zhòng		MC2-6		人字头|人	眾衆	
剩	shèng		MC2-6		立刀旁|刂		
亭	tíng		MC2-6		京字头|亠		
渴	kě		MC2-6		三点水|氵		
弯	wān		MC2-6		弓字旁|弓	彎	
弹	tán		MC2-6		弓字旁|弓	彈	
矛	máo		MC2-6		矛字旁|矛		
盾	dùn		MC2-6		目字旁|目		
尖	jiān		MC2-6		小字头|小		
晒	shài		MC2-6		日字旁|日	曬	